<?xml version="1.0" encoding="UTF-8"?>
<example name="" category="" board_ref="FRDM_K64F_FRDMCR20A" version="1.0.0" format_version="2.1">
  <source path="CMSIS/Include" target_path="CMSIS/Include" type="c_include">
    <files mask="arm_common_tables.h"/>
    <files mask="arm_const_structs.h"/>
    <files mask="arm_math.h"/>
    <files mask="cmsis_armcc.h"/>
    <files mask="cmsis_armcc_V6.h"/>
    <files mask="cmsis_gcc.h"/>
    <files mask="core_cm0.h"/>
    <files mask="core_cm0plus.h"/>
    <files mask="core_cm3.h"/>
    <files mask="core_cm4.h"/>
    <files mask="core_cm7.h"/>
    <files mask="core_cmFunc.h"/>
    <files mask="core_cmInstr.h"/>
    <files mask="core_cmSimd.h"/>
    <files mask="core_sc000.h"/>
    <files mask="core_sc300.h"/>
  </source>
  <source path="boards/frdmk64f_frdmcr20a/wireless_examples/thread/border_router/freertos" target_path="sources" type="c_include">
    <files mask="board.h"/>
    <files mask="clock_config.h"/>
    <files mask="fsl_phy.h"/>
    <files mask="gpio_pins.h"/>
    <files mask="pin_mux.h"/>
  </source>
  <source path="boards/frdmk64f_frdmcr20a/wireless_examples/thread/border_router/freertos" target_path="sources" type="src">
    <files mask="board.c"/>
    <files mask="clock_config.c"/>
    <files mask="fsl_phy.c"/>
    <files mask="gpio_pins.c"/>
    <files mask="hardware_init.c"/>
    <files mask="pin_mux.c"/>
  </source>
  <source path="boards/frdmk64f_frdmcr20a/wireless_examples/thread/border_router" target_path="doc" type="doc">
    <files mask="readme.txt"/>
  </source>
  <source path="devices/MK64F12/drivers" target_path="drivers" type="c_include">
    <files mask="fsl_adc16.h"/>
    <files mask="fsl_clock.h"/>
    <files mask="fsl_common.h"/>
    <files mask="fsl_dspi.h"/>
    <files mask="fsl_enet.h"/>
    <files mask="fsl_flash.h"/>
    <files mask="fsl_ftm.h"/>
    <files mask="fsl_gpio.h"/>
    <files mask="fsl_i2c.h"/>
    <files mask="fsl_llwu.h"/>
    <files mask="fsl_lptmr.h"/>
    <files mask="fsl_mpu.h"/>
    <files mask="fsl_pmc.h"/>
    <files mask="fsl_port.h"/>
    <files mask="fsl_rnga.h"/>
    <files mask="fsl_rtc.h"/>
    <files mask="fsl_sim.h"/>
    <files mask="fsl_smc.h"/>
    <files mask="fsl_uart.h"/>
  </source>
  <source path="devices/MK64F12/drivers" target_path="drivers" type="src">
    <files mask="fsl_adc16.c"/>
    <files mask="fsl_clock.c"/>
    <files mask="fsl_common.c"/>
    <files mask="fsl_dspi.c"/>
    <files mask="fsl_enet.c"/>
    <files mask="fsl_flash.c"/>
    <files mask="fsl_ftm.c"/>
    <files mask="fsl_gpio.c"/>
    <files mask="fsl_i2c.c"/>
    <files mask="fsl_llwu.c"/>
    <files mask="fsl_lptmr.c"/>
    <files mask="fsl_mpu.c"/>
    <files mask="fsl_pmc.c"/>
    <files mask="fsl_rnga.c"/>
    <files mask="fsl_rtc.c"/>
    <files mask="fsl_sim.c"/>
    <files mask="fsl_smc.c"/>
    <files mask="fsl_uart.c"/>
  </source>
  <source path="devices/MK64F12/gcc" target_path="devices/gcc" type="asm_include" compiler="gcc">
    <files mask="startup_MK64F12.S"/>
  </source>
  <source path="devices/MK64F12/iar" target_path="devices/iar" type="asm_include" compiler="iar">
    <files mask="startup_MK64F12.s"/>
  </source>
  <source path="devices/MK64F12/utilities" target_path="utilities" type="c_include">
    <files mask="fsl_debug_console.h"/>
  </source>
  <source path="devices/MK64F12/utilities" target_path="utilities" type="src">
    <files mask="fsl_debug_console.c"/>
  </source>
  <source path="devices/MK64F12" target_path="devices" type="c_include">
    <files mask="MK64F12.h"/>
    <files mask="MK64F12_features.h"/>
    <files mask="fsl_device_registers.h"/>
    <files mask="system_MK64F12.h"/>
  </source>
  <source path="devices/MK64F12" target_path="devices" type="src">
    <files mask="system_MK64F12.c"/>
  </source>
  <source path="middleware/mmcau_2.0.0/asm-cm4-cm7" target_path="mmcau/asm-cm4-cm7" type="lib" compiler="gcc">
    <files mask="lib_mmcau.a"/>
  </source>
  <source path="middleware/mmcau_2.0.0/asm-cm4-cm7" target_path="mmcau/asm-cm4-cm7" type="lib" compiler="iar">
    <files mask="lib_mmcau.a"/>
  </source>
  <source path="middleware/mmcau_2.0.0" target_path="mmcau/" type="c_include">
    <files mask="cau_api.h"/>
    <files mask="fsl_mmcau.h"/>
  </source>
  <source path="middleware/mmcau_2.0.0" target_path="mmcau/" type="src">
    <files mask="fsl_mmcau.c"/>
  </source>
  <source path="middleware/usb_1.1.0/device" target_path="usb/device" type="c_include">
    <files mask="usb_device.h"/>
    <files mask="usb_device_dci.h"/>
    <files mask="usb_device_khci.h"/>
  </source>
  <source path="middleware/usb_1.1.0/device" target_path="usb/device" type="src">
    <files mask="usb_device_dci.c"/>
    <files mask="usb_device_khci.c"/>
  </source>
  <source path="middleware/usb_1.1.0/include" target_path="usb/include" type="c_include">
    <files mask="usb.h"/>
    <files mask="usb_khci.h"/>
    <files mask="usb_misc.h"/>
    <files mask="usb_spec.h"/>
  </source>
  <source path="middleware/usb_1.1.0/osa" target_path="usb/osa" type="c_include">
    <files mask="usb_osa_freertos.h"/>
  </source>
  <source path="middleware/usb_1.1.0/osa" target_path="usb/osa" type="src">
    <files mask="usb_osa_freertos.c"/>
  </source>
  <source path="middleware/wireless/framework_5.0.5/Common/rtos/FreeRTOS/config" target_path="framework" type="c_include">
    <files mask="FreeRTOSConfig.h"/>
  </source>
  <source path="middleware/wireless/framework_5.0.5/Common" target_path="framework" type="c_include">
    <files mask="EmbeddedTypes.h"/>
  </source>
  <source path="middleware/wireless/framework_5.0.5/FSCI/Interface" target_path="framework" type="c_include">
    <files mask="FsciInterface.h"/>
  </source>
  <source path="middleware/wireless/framework_5.0.5/FSCI/Source" target_path="framework" type="c_include">
    <files mask="FSCICommands.h"/>
    <files mask="FSCICommunication.h"/>
  </source>
  <source path="middleware/wireless/framework_5.0.5/FSCI/Source" target_path="framework" type="src">
    <files mask="FSCICommands.c"/>
    <files mask="FSCICommunication.c"/>
    <files mask="FSCILogging.c"/>
    <files mask="FsciMain.c"/>
  </source>
  <source path="middleware/wireless/framework_5.0.5/Flash/Internal" target_path="framework" type="c_include">
    <files mask="Flash_Adapter.h"/>
  </source>
  <source path="middleware/wireless/framework_5.0.5/Flash/Internal" target_path="framework" type="src">
    <files mask="Flash_Adapter.c"/>
  </source>
  <source path="middleware/wireless/framework_5.0.5/FunctionLib" target_path="framework" type="c_include">
    <files mask="FunctionLib.h"/>
  </source>
  <source path="middleware/wireless/framework_5.0.5/FunctionLib" target_path="framework" type="src">
    <files mask="FunctionLib.c"/>
  </source>
  <source path="middleware/wireless/framework_5.0.5/GPIO" target_path="framework" type="c_include">
    <files mask="GPIO_Adapter.h"/>
  </source>
  <source path="middleware/wireless/framework_5.0.5/GPIO" target_path="framework" type="src">
    <files mask="GPIO_Adapter.c"/>
  </source>
  <source path="middleware/wireless/framework_5.0.5/Keyboard/Interface" target_path="framework" type="c_include">
    <files mask="Keyboard.h"/>
  </source>
  <source path="middleware/wireless/framework_5.0.5/Keyboard/Source" target_path="framework" type="src">
    <files mask="Keyboard.c"/>
  </source>
  <source path="middleware/wireless/framework_5.0.5/LED/Interface" target_path="framework" type="c_include">
    <files mask="LED.h"/>
  </source>
  <source path="middleware/wireless/framework_5.0.5/LED/Source" target_path="framework" type="src">
    <files mask="LED.c"/>
  </source>
  <source path="middleware/wireless/framework_5.0.5/Lists" target_path="framework" type="c_include">
    <files mask="GenericList.h"/>
  </source>
  <source path="middleware/wireless/framework_5.0.5/Lists" target_path="framework" type="src">
    <files mask="GenericList.c"/>
  </source>
  <source path="middleware/wireless/framework_5.0.5/LowPower/Interface/K64F_MCR20" target_path="framework" type="c_include">
    <files mask="PWR_Configuration.h"/>
    <files mask="PWR_Interface.h"/>
  </source>
  <source path="middleware/wireless/framework_5.0.5/LowPower/Source/K64F_MCR20" target_path="framework" type="c_include">
    <files mask="PWRLib.h"/>
  </source>
  <source path="middleware/wireless/framework_5.0.5/LowPower/Source/K64F_MCR20" target_path="framework" type="src">
    <files mask="PWR.c"/>
    <files mask="PWRLib.c"/>
  </source>
  <source path="middleware/wireless/framework_5.0.5/MWSCoexistence/Interface" target_path="framework" type="c_include">
    <files mask="MWS.h"/>
  </source>
  <source path="middleware/wireless/framework_5.0.5/MWSCoexistence/Source" target_path="framework" type="src">
    <files mask="MWS.c"/>
  </source>
  <source path="middleware/wireless/framework_5.0.5/MemManager/Interface" target_path="framework" type="c_include">
    <files mask="MemManager.h"/>
  </source>
  <source path="middleware/wireless/framework_5.0.5/MemManager/Source" target_path="framework" type="src">
    <files mask="MemManager.c"/>
  </source>
  <source path="middleware/wireless/framework_5.0.5/Messaging/Interface" target_path="framework" type="c_include">
    <files mask="Messaging.h"/>
  </source>
  <source path="middleware/wireless/framework_5.0.5/Messaging/Source" target_path="framework" type="src">
    <files mask="Messaging.c"/>
  </source>
  <source path="middleware/wireless/framework_5.0.5/ModuleInfo" target_path="framework" type="c_include">
    <files mask="ModuleInfo.h"/>
  </source>
  <source path="middleware/wireless/framework_5.0.5/NVM/Interface" target_path="framework" type="c_include">
    <files mask="NVM_Interface.h"/>
  </source>
  <source path="middleware/wireless/framework_5.0.5/NVM/Source" target_path="framework" type="c_include">
    <files mask="NV_Flash.h"/>
    <files mask="NV_FsciCommands.h"/>
  </source>
  <source path="middleware/wireless/framework_5.0.5/NVM/Source" target_path="framework" type="src">
    <files mask="NV_Flash.c"/>
    <files mask="NV_FsciCommands.c"/>
  </source>
  <source path="middleware/wireless/framework_5.0.5/OSAbstraction/Interface" target_path="framework" type="c_include">
    <files mask="fsl_os_abstraction.h"/>
    <files mask="fsl_os_abstraction_config.h"/>
    <files mask="fsl_os_abstraction_free_rtos.h"/>
  </source>
  <source path="middleware/wireless/framework_5.0.5/OSAbstraction/Source" target_path="framework" type="src">
    <files mask="fsl_os_abstraction_free_rtos.c"/>
  </source>
  <source path="middleware/wireless/framework_5.0.5/Panic/Interface" target_path="framework" type="c_include">
    <files mask="Panic.h"/>
  </source>
  <source path="middleware/wireless/framework_5.0.5/Panic/Source" target_path="framework" type="src">
    <files mask="Panic.c"/>
  </source>
  <source path="middleware/wireless/framework_5.0.5/RNG/Interface" target_path="framework" type="c_include">
    <files mask="RNG_Interface.h"/>
  </source>
  <source path="middleware/wireless/framework_5.0.5/RNG/Source" target_path="framework" type="src">
    <files mask="RNG.c"/>
  </source>
  <source path="middleware/wireless/framework_5.0.5/Reset" target_path="framework" type="src">
    <files mask="Reset.c"/>
  </source>
  <source path="middleware/wireless/framework_5.0.5/SecLib" target_path="framework" type="c_include">
    <files mask="SecLib.h"/>
  </source>
  <source path="middleware/wireless/framework_5.0.5/SecLib" target_path="framework" type="lib" compiler="gcc">
    <files mask="lib_crypto_M4.a"/>
  </source>
  <source path="middleware/wireless/framework_5.0.5/SecLib" target_path="framework" type="lib" compiler="iar">
    <files mask="lib_crypto_M4.a"/>
  </source>
  <source path="middleware/wireless/framework_5.0.5/SecLib" target_path="framework" type="src">
    <files mask="SecLib.c"/>
  </source>
  <source path="middleware/wireless/framework_5.0.5/SerialManager/Interface" target_path="framework" type="c_include">
    <files mask="SerialManager.h"/>
  </source>
  <source path="middleware/wireless/framework_5.0.5/SerialManager/Source/SPI_Adapter" target_path="framework" type="c_include">
    <files mask="SPI_Adapter.h"/>
  </source>
  <source path="middleware/wireless/framework_5.0.5/SerialManager/Source/SPI_Adapter" target_path="framework" type="src">
    <files mask="SPI_Adapter.c"/>
  </source>
  <source path="middleware/wireless/framework_5.0.5/SerialManager/Source/USB_VirtualCom" target_path="framework" type="c_include">
    <files mask="VirtualComInterface.h"/>
    <files mask="usb_device_cdc_acm.h"/>
    <files mask="usb_device_ch9.h"/>
    <files mask="usb_device_class.h"/>
    <files mask="usb_device_config.h"/>
    <files mask="usb_device_descriptor.h"/>
    <files mask="virtual_com.h"/>
  </source>
  <source path="middleware/wireless/framework_5.0.5/SerialManager/Source/USB_VirtualCom" target_path="framework" type="src">
    <files mask="usb_device_cdc_acm.c"/>
    <files mask="usb_device_ch9.c"/>
    <files mask="usb_device_class.c"/>
    <files mask="usb_device_descriptor.c"/>
    <files mask="virtual_com.c"/>
  </source>
  <source path="middleware/wireless/framework_5.0.5/SerialManager/Source" target_path="framework" type="c_include">
    <files mask="I2C_Adapter.h"/>
    <files mask="UART_Adapter.h"/>
  </source>
  <source path="middleware/wireless/framework_5.0.5/SerialManager/Source" target_path="framework" type="src">
    <files mask="I2C_Adapter.c"/>
    <files mask="SerialManager.c"/>
    <files mask="UART_Adapter.c"/>
  </source>
  <source path="middleware/wireless/framework_5.0.5/Shell/Interface" target_path="framework" type="c_include">
    <files mask="shell.h"/>
    <files mask="shell_config.h"/>
  </source>
  <source path="middleware/wireless/framework_5.0.5/Shell/Source" target_path="framework" type="src">
    <files mask="shell.c"/>
    <files mask="shell_autocomplete.c"/>
    <files mask="shell_cmdhelp.c"/>
    <files mask="shell_cmdhist.c"/>
  </source>
  <source path="middleware/wireless/framework_5.0.5/TimersManager/Interface" target_path="framework" type="c_include">
    <files mask="TimersManager.h"/>
  </source>
  <source path="middleware/wireless/framework_5.0.5/TimersManager/Source" target_path="framework" type="c_include">
    <files mask="TMR_Adapter.h"/>
    <files mask="TimersManagerInternal.h"/>
  </source>
  <source path="middleware/wireless/framework_5.0.5/TimersManager/Source" target_path="framework" type="src">
    <files mask="TMR_Adapter.c"/>
    <files mask="TimersManager.c"/>
  </source>
  <source path="middleware/wireless/ieee_802_15_4_5.0.5/mac/interface" target_path="ieee_802_15_4" type="c_include">
    <files mask="MacFunctionalityDefines.h"/>
    <files mask="MacInterface.h"/>
    <files mask="MacMessages.h"/>
    <files mask="MacTypes.h"/>
  </source>
  <source path="middleware/wireless/ieee_802_15_4_5.0.5/mac/lib" target_path="ieee_802_15_4" type="lib" compiler="gcc">
    <files mask="802.15.4_mac_thr_cM4.a"/>
  </source>
  <source path="middleware/wireless/ieee_802_15_4_5.0.5/mac/lib" target_path="ieee_802_15_4" type="lib" compiler="iar">
    <files mask="802.15.4_mac_thr_cM4.a"/>
  </source>
  <source path="middleware/wireless/ieee_802_15_4_5.0.5/mac/source/App" target_path="ieee_802_15_4" type="c_include">
    <files mask="FsciAspCommands.h"/>
    <files mask="FsciMacCommands.h"/>
    <files mask="MacGlobals.h"/>
  </source>
  <source path="middleware/wireless/ieee_802_15_4_5.0.5/mac/source/App" target_path="ieee_802_15_4" type="src">
    <files mask="FsciAspCommands.c"/>
    <files mask="FsciMacCommands.c"/>
    <files mask="MacGlobals.c"/>
  </source>
  <source path="middleware/wireless/ieee_802_15_4_5.0.5/phy/interface" target_path="ieee_802_15_4" type="c_include">
    <files mask="AspInterface.h"/>
    <files mask="MpmInterface.h"/>
    <files mask="PhyDebug.h"/>
    <files mask="PhyInterface.h"/>
    <files mask="PhyMessages.h"/>
    <files mask="PhyTypes.h"/>
  </source>
  <source path="middleware/wireless/ieee_802_15_4_5.0.5/phy/source/MCR20A/MCR20Drv" target_path="ieee_802_15_4" type="c_include">
    <files mask="MCR20Drv.h"/>
    <files mask="MCR20Overwrites.h"/>
    <files mask="MCR20Reg.h"/>
  </source>
  <source path="middleware/wireless/ieee_802_15_4_5.0.5/phy/source/MCR20A/MCR20Drv" target_path="ieee_802_15_4" type="src">
    <files mask="MCR20Drv.c"/>
  </source>
  <source path="middleware/wireless/ieee_802_15_4_5.0.5/phy/source/MCR20A" target_path="ieee_802_15_4" type="c_include">
    <files mask="Phy.h"/>
  </source>
  <source path="middleware/wireless/ieee_802_15_4_5.0.5/phy/source/MCR20A" target_path="ieee_802_15_4" type="src">
    <files mask="ASP.c"/>
    <files mask="MPM.c"/>
    <files mask="PhyDebug.c"/>
    <files mask="PhyISR.c"/>
    <files mask="PhyPacketProcessor.c"/>
    <files mask="PhyPlmeData.c"/>
    <files mask="PhyStateMachine.c"/>
    <files mask="PhyTime.c"/>
  </source>
  <source path="middleware/wireless/ieee_802_15_4_5.0.5/phy/source/XcvrSpi" target_path="ieee_802_15_4" type="c_include">
    <files mask="Spi.h"/>
  </source>
  <source path="middleware/wireless/ieee_802_15_4_5.0.5/phy/source/XcvrSpi" target_path="ieee_802_15_4" type="src">
    <files mask="Spi.c"/>
  </source>
  <source path="middleware/wireless/nwk_ip_1.2.1/base/interface" target_path="nwk_ip" type="c_include">
    <files mask="debug_log.h"/>
    <files mask="enet_driver.h"/>
    <files mask="http.h"/>
    <files mask="http_cfg.h"/>
    <files mask="ip_if_6LowPan.h"/>
    <files mask="ip_if_enet.h"/>
    <files mask="ip_if_serial_tun.h"/>
    <files mask="mac_abs_802154.h"/>
    <files mask="mac_abs_types.h"/>
    <files mask="mac_filtering.h"/>
    <files mask="mac_filtering_cfg.h"/>
    <files mask="nv_data.h"/>
    <files mask="nvm_adapter.h"/>
    <files mask="serial_tun_driver.h"/>
    <files mask="shell_ip.h"/>
    <files mask="thci.h"/>
  </source>
  <source path="middleware/wireless/nwk_ip_1.2.1/base/ip_media_if" target_path="nwk_ip" type="src">
    <files mask="enet_driver.c"/>
    <files mask="ip_if_6lo.c"/>
    <files mask="ip_if_enet.c"/>
    <files mask="ip_if_serial_tun.c"/>
    <files mask="ip_if_usbenet.c"/>
    <files mask="serial_tun_driver.c"/>
  </source>
  <source path="middleware/wireless/nwk_ip_1.2.1/base/shell" target_path="nwk_ip" type="src">
    <files mask="shell_ip.c"/>
  </source>
  <source path="middleware/wireless/nwk_ip_1.2.1/base/stack_globals" target_path="nwk_ip" type="src">
    <files mask="arp_globals.c"/>
    <files mask="coap_globals.c"/>
    <files mask="dhcp_globals.c"/>
    <files mask="dns_globals.c"/>
    <files mask="dtls_globals.c"/>
    <files mask="event_manager_globals.c"/>
    <files mask="icmp_globals.c"/>
    <files mask="ip_globals.c"/>
    <files mask="mdns_globals.c"/>
    <files mask="mle_globals.c"/>
    <files mask="mpl_globals.c"/>
    <files mask="nd_globals.c"/>
    <files mask="sixlowpan_globals.c"/>
    <files mask="sockets_globals.c"/>
    <files mask="tcp_globals.c"/>
    <files mask="thread_globals.c"/>
    <files mask="trickle_globals.c"/>
    <files mask="udp_globals.c"/>
  </source>
  <source path="middleware/wireless/nwk_ip_1.2.1/base/thci" target_path="nwk_ip" type="src">
    <files mask="thci.c"/>
  </source>
  <source path="middleware/wireless/nwk_ip_1.2.1/base/thread_config" target_path="nwk_ip" type="src">
    <files mask="thread_config.c"/>
  </source>
  <source path="middleware/wireless/nwk_ip_1.2.1/base/utils" target_path="nwk_ip" type="asm_include">
    <files mask="HwFault.s"/>
  </source>
  <source path="middleware/wireless/nwk_ip_1.2.1/base/utils" target_path="nwk_ip" type="src">
    <files mask="debug_log.c"/>
    <files mask="mac_abs_802154.c"/>
    <files mask="mac_filtering.c"/>
    <files mask="nv_data.c"/>
    <files mask="nvm_adapter.c"/>
  </source>
  <source path="middleware/wireless/nwk_ip_1.2.1/core/interface/modules" target_path="nwk_ip" type="c_include">
    <files mask="arp.h"/>
    <files mask="coap.h"/>
    <files mask="coap_cfg.h"/>
    <files mask="dhcp.h"/>
    <files mask="dhcp6.h"/>
    <files mask="dhcp6_cfg.h"/>
    <files mask="dhcp6_client.h"/>
    <files mask="dhcp6_lq_client.h"/>
    <files mask="dhcp6_lq_server.h"/>
    <files mask="dhcp6_relay_agent.h"/>
    <files mask="dhcp6_server.h"/>
    <files mask="dhcp_cfg.h"/>
    <files mask="dhcp_client.h"/>
    <files mask="dhcp_server.h"/>
    <files mask="dns_client.h"/>
    <files mask="dns_client_cfg.h"/>
    <files mask="dns_utils.h"/>
    <files mask="dtls.h"/>
    <files mask="dtls_cfg.h"/>
    <files mask="event_manager.h"/>
    <files mask="event_manager_cfg.h"/>
    <files mask="icmp.h"/>
    <files mask="icmp4.h"/>
    <files mask="icmp6.h"/>
    <files mask="igmp.h"/>
    <files mask="ip.h"/>
    <files mask="ip4.h"/>
    <files mask="ip6.h"/>
    <files mask="ip_cfg.h"/>
    <files mask="ip_if_management.h"/>
    <files mask="mdns.h"/>
    <files mask="mdns_cfg.h"/>
    <files mask="mle.h"/>
    <files mask="mle_basic.h"/>
    <files mask="mle_cfg.h"/>
    <files mask="mle_extended.h"/>
    <files mask="mle_security.h"/>
    <files mask="mle_utils.h"/>
    <files mask="mpl.h"/>
    <files mask="mpl_cfg.h"/>
    <files mask="nd.h"/>
    <files mask="nd_cfg.h"/>
    <files mask="nd_events.h"/>
    <files mask="nd_sixlowpan.h"/>
    <files mask="nd_tables.h"/>
    <files mask="pmtu_discovery.h"/>
    <files mask="rfc4944_6lowpan.h"/>
    <files mask="rfc6282_header_comp.h"/>
    <files mask="session.h"/>
    <files mask="sixlowpan.h"/>
    <files mask="sixlowpan_cfg.h"/>
    <files mask="sixlowpan_fwd_thread.h"/>
    <files mask="sixlowpan_ib.h"/>
    <files mask="sixlowpan_interface.h"/>
    <files mask="sixlowpan_tbl.h"/>
    <files mask="sockets_cfg.h"/>
    <files mask="stack_config.h"/>
    <files mask="stack_manager_if.h"/>
    <files mask="tcp.h"/>
    <files mask="tcp_cfg.h"/>
    <files mask="thread_stack_config.h"/>
    <files mask="trickle.h"/>
    <files mask="trickle_cfg.h"/>
    <files mask="udp.h"/>
    <files mask="udp_cfg.h"/>
    <files mask="version.h"/>
  </source>
  <source path="middleware/wireless/nwk_ip_1.2.1/core/interface/thread" target_path="nwk_ip" type="c_include">
    <files mask="thread_app_callbacks.h"/>
    <files mask="thread_attributes.h"/>
    <files mask="thread_cfg.h"/>
    <files mask="thread_meshcop.h"/>
    <files mask="thread_meshcop_mgmt.h"/>
    <files mask="thread_network.h"/>
    <files mask="thread_network_data.h"/>
    <files mask="thread_server_data.h"/>
    <files mask="thread_types.h"/>
    <files mask="thread_utils.h"/>
  </source>
  <source path="middleware/wireless/nwk_ip_1.2.1/core/interface" target_path="nwk_ip" type="c_include">
    <files mask="network_utils.h"/>
    <files mask="sockets.h"/>
    <files mask="stack_events.h"/>
  </source>
  <source path="middleware/wireless/nwk_ip_1.2.1/core/lib/thread" target_path="nwk_ip" type="lib" compiler="gcc">
    <files mask="thread_br_gcc_cM4.a"/>
    <files mask="thread_br_iar_cM4.a"/>
  </source>
  <source path="middleware/wireless/nwk_ip_1.2.1/core/lib/thread" target_path="nwk_ip" type="lib" compiler="iar">
    <files mask="thread_br_gcc_cM4.a"/>
    <files mask="thread_br_iar_cM4.a"/>
  </source>
  <source path="middleware/wireless/nwk_ip_1.2.1/examples/border_router/config" target_path="nwk_ip" type="c_include">
    <files mask="config.h"/>
  </source>
  <source path="middleware/wireless/nwk_ip_1.2.1/examples/border_router/src" target_path="nwk_ip" type="c_include">
    <files mask="border_router_app.h"/>
  </source>
  <source path="middleware/wireless/nwk_ip_1.2.1/examples/border_router/src" target_path="nwk_ip" type="src">
    <files mask="border_router_app.c"/>
  </source>
  <source path="middleware/wireless/nwk_ip_1.2.1/examples/common" target_path="nwk_ip" type="c_include">
    <files mask="app_border_router.h"/>
    <files mask="app_coap_observe.h"/>
    <files mask="app_config.h"/>
    <files mask="app_echo_udp.h"/>
    <files mask="app_ethernet.h"/>
    <files mask="app_ethernet_usb.h"/>
    <files mask="app_event_monitoring.h"/>
    <files mask="app_framework_config.h"/>
    <files mask="app_init.h"/>
    <files mask="app_led.h"/>
    <files mask="app_mac_config.h"/>
    <files mask="app_observe_demo.h"/>
    <files mask="app_serial_tun.h"/>
    <files mask="app_socket_utils.h"/>
    <files mask="app_stack_config.h"/>
    <files mask="app_temp_sensor.h"/>
    <files mask="app_thread_config.h"/>
  </source>
  <source path="middleware/wireless/nwk_ip_1.2.1/examples/common" target_path="nwk_ip" type="src">
    <files mask="app_border_router.c"/>
    <files mask="app_coap_observe.c"/>
    <files mask="app_echo_udp.c"/>
    <files mask="app_ethernet.c"/>
    <files mask="app_ethernet_usb.c"/>
    <files mask="app_event_monitoring.c"/>
    <files mask="app_init.c"/>
    <files mask="app_led.c"/>
    <files mask="app_observe_demo.c"/>
    <files mask="app_serial_tun.c"/>
    <files mask="app_socket_utils.c"/>
    <files mask="app_temp_sensor.c"/>
    <files mask="app_thread_callbacks.c"/>
    <files mask="app_thread_init.c"/>
  </source>
  <source path="rtos/freertos_8.2.3/Source/include" target_path="freertos/Source/include" type="c_include">
    <files mask="FreeRTOS.h"/>
    <files mask="StackMacros.h"/>
    <files mask="croutine.h"/>
    <files mask="deprecated_definitions.h"/>
    <files mask="event_groups.h"/>
    <files mask="list.h"/>
    <files mask="mpu_wrappers.h"/>
    <files mask="portable.h"/>
    <files mask="projdefs.h"/>
    <files mask="queue.h"/>
    <files mask="semphr.h"/>
    <files mask="task.h"/>
    <files mask="timers.h"/>
  </source>
  <source path="rtos/freertos_8.2.3/Source/portable/GCC/ARM_CM4F" target_path="freertos/Source/portable/GCC/ARM_CM4F" type="c_include" compiler="gcc">
    <files mask="portmacro.h"/>
  </source>
  <source path="rtos/freertos_8.2.3/Source/portable/GCC/ARM_CM4F" target_path="freertos/Source/portable/GCC/ARM_CM4F" type="src" compiler="gcc">
    <files mask="port.c"/>
  </source>
  <source path="rtos/freertos_8.2.3/Source/portable/IAR/ARM_CM4F" target_path="freertos/Source/portable/IAR/ARM_CM4F" type="asm_include" compiler="iar">
    <files mask="portasm.s"/>
  </source>
  <source path="rtos/freertos_8.2.3/Source/portable/IAR/ARM_CM4F" target_path="freertos/Source/portable/IAR/ARM_CM4F" type="c_include" compiler="iar">
    <files mask="portmacro.h"/>
  </source>
  <source path="rtos/freertos_8.2.3/Source/portable/IAR/ARM_CM4F" target_path="freertos/Source/portable/IAR/ARM_CM4F" type="src" compiler="iar">
    <files mask="port.c"/>
  </source>
  <source path="rtos/freertos_8.2.3/Source/portable/MemMang" target_path="freertos/Source/portable/MemMang" type="src">
    <files mask="heap_4.c"/>
  </source>
  <source path="rtos/freertos_8.2.3/Source" target_path="freertos/Source" type="src">
    <files mask="croutine.c"/>
    <files mask="event_groups.c"/>
    <files mask="list.c"/>
    <files mask="queue.c"/>
    <files mask="tasks.c"/>
    <files mask="timers.c"/>
  </source>
  <include_paths>
    <include path="CMSIS/Include"/>
    <include path="devices/gcc" compiler="gcc"/>
    <include path="devices/iar" compiler="iar"/>
    <include path="devices"/>
    <include path="drivers"/>
    <include path="framework"/>
    <include path="framework" compiler="gcc"/>
    <include path="framework" compiler="iar"/>
    <include path="freertos/Source/include"/>
    <include path="freertos/Source/portable/GCC/ARM_CM4F" compiler="gcc"/>
    <include path="freertos/Source/portable/IAR/ARM_CM4F" compiler="iar"/>
    <include path="freertos/Source"/>
    <include path="ieee_802_15_4"/>
    <include path="ieee_802_15_4" compiler="gcc"/>
    <include path="ieee_802_15_4" compiler="iar"/>
    <include path="mmcau/"/>
    <include path="mmcau/asm-cm4-cm7" compiler="gcc"/>
    <include path="mmcau/asm-cm4-cm7" compiler="iar"/>
    <include path="nwk_ip"/>
    <include path="nwk_ip" compiler="gcc"/>
    <include path="nwk_ip" compiler="iar"/>
    <include path="sources"/>
    <include path="usb/device"/>
    <include path="usb/include"/>
    <include path="usb/osa"/>
    <include path="utilities"/>
  </include_paths>
</example>
